-- phpMyAdmin SQL Dump
-- version 4.2.7
-- http://www.phpmyadmin.net
--
-- Host: localhost
-- Generation Time: Apr 25, 2020 at 07:13 AM
-- Server version: 5.5.62
-- PHP Version: 5.6.40

SET SQL_MODE = "NO_AUTO_VALUE_ON_ZERO";
SET time_zone = "+00:00";


/*!40101 SET @OLD_CHARACTER_SET_CLIENT=@@CHARACTER_SET_CLIENT */;
/*!40101 SET @OLD_CHARACTER_SET_RESULTS=@@CHARACTER_SET_RESULTS */;
/*!40101 SET @OLD_COLLATION_CONNECTION=@@COLLATION_CONNECTION */;
/*!40101 SET NAMES utf8 */;

--
-- Database: `codecamp32133`
--

-- --------------------------------------------------------

--
-- Table structure for table `ec_cart`
--

CREATE TABLE IF NOT EXISTS `ec_cart` (
  `user_id` int(11) NOT NULL,
  `ID` int(11) NOT NULL,
  `amount` int(100) NOT NULL,
  `country_name` varchar(100) NOT NULL,
  `price` int(11) NOT NULL,
  `img` varchar(100) NOT NULL,
  `departure` date NOT NULL,
  `back` date NOT NULL,
  `increase` varchar(100) NOT NULL DEFAULT '1',
  `airport` varchar(100) NOT NULL DEFAULT '',
  `increase_02` varchar(100) NOT NULL DEFAULT '1',
  `seat_class` varchar(100) NOT NULL DEFAULT '',
  `increase_03` varchar(100) NOT NULL DEFAULT '1',
  `create_datetime` datetime NOT NULL,
  `update_datetime` datetime NOT NULL
) ENGINE=InnoDB DEFAULT CHARSET=utf8;

--
-- Dumping data for table `ec_cart`
--

INSERT INTO `ec_cart` (`user_id`, `ID`, `amount`, `country_name`, `price`, `img`, `departure`, `back`, `increase`, `airport`, `increase_02`, `seat_class`, `increase_03`, `create_datetime`, `update_datetime`) VALUES
(20, 62, 1, 'Paris', 140000, 'c6f9f5f6a81601b458781855831aa3d8d44a8de7.jpg', '0000-00-00', '0000-00-00', '1', '', '1', '', '1', '2020-04-21 11:26:15', '2020-04-21 11:26:15'),
(20, 64, 2, 'Vladivostok', 50000, '55ddffb1234b40d3b3265f2e558228f6815d4bbf.jpg', '0000-00-00', '0000-00-00', '1', '', '1', '', '1', '2020-04-22 12:10:42', '2020-04-22 12:10:44');

-- --------------------------------------------------------

--
-- Table structure for table `ec_master`
--

CREATE TABLE IF NOT EXISTS `ec_master` (
`ID` int(11) NOT NULL,
  `country_name` varchar(100) NOT NULL,
  `price` int(11) NOT NULL,
  `img` varchar(100) NOT NULL,
  `status` int(11) NOT NULL,
  `country_code` int(11) NOT NULL,
  `create_datetime` datetime NOT NULL,
  `update_datetime` datetime NOT NULL
) ENGINE=InnoDB  DEFAULT CHARSET=utf8 AUTO_INCREMENT=72 ;

--
-- Dumping data for table `ec_master`
--

INSERT INTO `ec_master` (`ID`, `country_name`, `price`, `img`, `status`, `country_code`, `create_datetime`, `update_datetime`) VALUES
(29, 'Cairns', 50000, 'f18f17292097d450a883bdc4f8b9cb25454809cc.jpg', 1, 2, '2020-02-27 15:28:30', '2020-03-25 13:42:51'),
(30, 'Kuala lumpur', 45000, '3d4948c01eb326eaa08c0308e5962735986a1226.jpg', 1, 2, '2020-02-27 15:29:02', '2020-03-03 15:33:51'),
(31, 'Los Angeles', 70000, '5726678443638f806fb4a3cbbe35b0c96212491d.jpg', 1, 1, '2020-02-27 15:29:32', '2020-03-15 12:55:01'),
(32, 'London', 90000, '9372c20a11248dd5408627ae4a37bbeb67b66e98.jpg', 1, 1, '2020-02-27 15:29:53', '2020-02-27 15:29:53'),
(33, 'Madrid', 130000, 'c93400053556e5e60ea641998b44c42fc3ae0f18.jpg', 1, 1, '2020-02-27 15:30:21', '2020-02-27 15:30:21'),
(34, 'Guam', 25000, 'd5d38782d25cc9109ec587c2fb827a40dbca6f1d.jpg', 1, 2, '2020-02-27 15:30:53', '2020-03-14 15:35:01'),
(35, 'Hanoi', 45000, 'c6c685cb99fd7b0b1bf20e96eb9f07d9f41115ad.jpg', 1, 2, '2020-02-27 15:31:14', '2020-02-27 15:31:14'),
(36, 'Rome', 120000, '3de2d373afc4d70e4700cde7179fdc49a6c90287.jpg', 1, 1, '2020-02-27 15:31:39', '2020-03-03 15:31:56'),
(37, 'Cairo', 120000, 'e4ebbe6b4b403b4ea24bd37d786f24e04ef28f73.jpg', 1, 1, '2020-02-27 15:32:06', '2020-02-27 15:32:06'),
(38, 'Dubai', 70000, 'd11d9ae9b7f08e6d48a10054c593c80aef94d704.jpg', 1, 1, '2020-02-27 15:32:31', '2020-02-27 15:32:31'),
(39, 'Taipei', 22000, '960077c2d5cbf7851b7b3e786b9f14a01fd6f77c.jpg', 1, 2, '2020-02-27 15:32:54', '2020-03-16 16:07:01'),
(40, 'Seoul', 13000, '8c69af11109dcabb777bba13768e59f73a3e841e.jpg', 1, 2, '2020-02-27 15:33:15', '2020-02-27 15:33:15'),
(41, 'Jerusarem', 150000, 'ffd9527ac445883e7bd2fa1988c84877b3e3ae12.jpg', 1, 1, '2020-02-27 15:33:40', '2020-02-27 15:33:40'),
(42, 'Mexicocity', 140000, 'ff26561acfe2c0cd0024e185e025347479b4eeac.jpg', 1, 1, '2020-02-27 15:34:16', '2020-02-27 15:34:16'),
(43, 'Miami', 120000, '811496e4d049255d7f23bc7c88309ecd80cd63f8.jpg', 1, 1, '2020-02-27 15:34:32', '2020-02-27 15:34:32'),
(44, 'Montevideo', 160000, 'c4062fbfe7532538e53c3d03507a7c7ebd3ce9c0.jpg', 1, 1, '2020-02-27 15:35:14', '2020-02-27 15:35:14'),
(45, 'Koh samui', 60000, 'a32237ae5275c9f73b31753ea2b7132936dc7ec6.jpg', 1, 2, '2020-02-27 15:35:38', '2020-03-03 15:33:43'),
(46, 'Saipan', 24000, '8a39d958541582a267683c3bfacf0773badf640d.jpg', 1, 2, '2020-02-27 15:36:04', '2020-03-03 15:34:20'),
(47, 'Sydney', 60000, 'e9af67e85d7cd23b5d2200c0068343fa8c7080f4.jpg', 1, 2, '2020-02-27 15:36:25', '2020-03-03 15:34:09'),
(48, 'Yangon', 100000, 'f1bc34f4104c5ad9f6dc2a244a021bf3b760a240.jpg', 1, 2, '2020-02-27 15:36:45', '2020-02-27 15:36:45'),
(49, 'Zuric', 150000, 'e1bfa4157f7a8b67e03f631fea80d46c093f5e12.jpg', 1, 1, '2020-02-27 15:37:02', '2020-02-27 15:37:02'),
(50, 'Bali', 80000, '73f4388e1f41f4fdc08d9ae8845f25f42ded3cfa.jpg', 1, 2, '2020-02-27 15:37:19', '2020-02-27 15:37:19'),
(51, 'Borakai', 45000, 'f147f312d334b166dcf733d3e9e7d72e9b8f35ec.jpg', 1, 2, '2020-02-27 15:37:35', '2020-02-27 15:37:35'),
(52, 'Bohol', 40000, '0c23c5455a076b363aff79c81d843e86c84554ca.jpg', 1, 2, '2020-02-27 15:37:55', '2020-03-03 15:33:57'),
(53, 'Hongkong', 30000, 'f436ddc4d7bde02f4a8e5eff2601fbd92003056f.jpg', 1, 2, '2020-02-27 15:38:14', '2020-02-27 15:38:14'),
(54, 'Honolulu', 60000, '0860d41ccd8bfe0cba72b56c8da3c5ea8ff8583b.jpg', 1, 1, '2020-02-27 15:38:32', '2020-02-27 15:38:32'),
(55, 'Quito', 200000, '145c68f06a6ea7801407fda05f6f29ede64f3a02.jpg', 1, 1, '2020-03-03 15:27:52', '2020-03-03 15:27:52'),
(56, 'Manila', 34000, '028c3f69b3dba9f975fa50c5e27b44068e14caff.jpg', 1, 2, '2020-03-03 15:37:05', '2020-03-03 15:37:05'),
(57, 'Singapore', 90000, 'f72cb47d1faeb5fdc24aa1b9df6a6ffbfc0400d3.jpg', 1, 2, '2020-03-03 15:37:37', '2020-04-06 15:56:27'),
(58, 'Chiang mai', 70000, '919521ceb289595baa61a250dcbdb7a18a8bc83f.jpg', 1, 2, '2020-03-03 15:37:56', '2020-04-06 15:55:14'),
(59, 'Tunis', 140000, '3bff0ce6aa71001acea90a4a9f3e7a79e04e4db3.jpg', 1, 1, '2020-03-03 15:38:40', '2020-03-03 15:38:40'),
(60, 'Santiago', 170000, '821a12275a8123f6aaf860a298197879ed80380f.jpg', 1, 1, '2020-03-03 15:39:17', '2020-03-03 15:39:17'),
(61, 'Munich', 90000, '03b71ca5c180a08ee7f203a8e7f530e9ba4abc05.jpg', 1, 1, '2020-03-03 15:39:53', '2020-03-13 19:43:04'),
(62, 'Paris', 140000, 'c6f9f5f6a81601b458781855831aa3d8d44a8de7.jpg', 1, 1, '2020-03-14 15:24:50', '2020-03-14 15:24:50'),
(63, 'New York', 120000, '70929f328cfdaad480907cef61110269cd6bfa8d.jpg', 1, 1, '2020-03-14 15:25:18', '2020-03-14 15:25:18'),
(64, 'Vladivostok', 50000, '55ddffb1234b40d3b3265f2e558228f6815d4bbf.jpg', 1, 1, '2020-03-14 15:36:02', '2020-04-06 15:57:56'),
(67, 'Bangkok', 50000, '1a744d23cdb47cec761625ea635475fa311f8b20.jpg', 1, 2, '2020-03-25 13:37:11', '2020-03-25 13:37:11'),
(68, 'Tehran', 140000, '0e4a5f81e56df35c5086c2047ea6fb72d4af315a.jpg', 1, 1, '2020-03-25 13:46:29', '2020-03-25 13:46:29'),
(69, 'Pataya', 70000, '2247abc9eadb31b927c41676774fb993ebd39da4.jpg', 1, 2, '2020-03-27 17:01:43', '2020-03-27 17:01:43'),
(70, 'Bangkok', 60000, '4502c8b02b9b68d5fdb69247ce12ed47b21e3d61.jpg', 0, 2, '2020-04-05 12:58:37', '2020-04-05 16:44:28'),
(71, 'Bali', 50000, '7132b51a2983b4cc9319ddfb00b01b26916b7b59.jpg', 0, 2, '2020-04-06 17:59:24', '2020-04-06 17:59:30');

-- --------------------------------------------------------

--
-- Table structure for table `ec_stock`
--

CREATE TABLE IF NOT EXISTS `ec_stock` (
  `ID` int(11) NOT NULL,
  `stock` int(11) NOT NULL,
  `create_datetime` datetime NOT NULL,
  `update_datetime` datetime NOT NULL
) ENGINE=InnoDB DEFAULT CHARSET=utf8;

--
-- Dumping data for table `ec_stock`
--

INSERT INTO `ec_stock` (`ID`, `stock`, `create_datetime`, `update_datetime`) VALUES
(29, 29996, '2020-02-27 15:28:30', '2020-03-19 09:18:48'),
(30, 12221, '2020-02-27 15:29:02', '2020-03-19 09:18:48'),
(31, 111111107, '2020-02-27 15:29:32', '2020-03-19 09:18:48'),
(32, 5, '2020-02-27 15:29:53', '2020-03-19 09:18:48'),
(33, 184, '2020-02-27 15:30:21', '2020-03-15 12:48:55'),
(34, 29999, '2020-02-27 15:30:53', '2020-03-19 09:18:48'),
(35, 499, '2020-02-27 15:31:14', '2020-03-19 09:18:48'),
(36, 9, '2020-02-27 15:31:39', '2020-04-21 10:38:17'),
(37, 300, '2020-02-27 15:32:06', '2020-04-06 18:53:35'),
(38, 9, '2020-02-27 15:32:31', '2020-03-18 14:51:06'),
(39, 19, '2020-02-27 15:32:54', '2020-03-19 09:18:48'),
(40, 10, '2020-02-27 15:33:15', '2020-03-19 12:15:32'),
(41, 297, '2020-02-27 15:33:40', '2020-03-03 14:53:02'),
(42, 397, '2020-02-27 15:34:16', '2020-03-12 13:28:46'),
(43, 4434, '2020-02-27 15:34:32', '2020-03-18 17:57:32'),
(44, 552, '2020-02-27 15:35:14', '2020-03-18 19:29:24'),
(45, 1997, '2020-02-27 15:35:38', '2020-03-19 09:18:48'),
(46, 12217, '2020-02-27 15:36:04', '2020-03-19 09:18:48'),
(47, 1221, '2020-02-27 15:36:25', '2020-03-19 09:18:48'),
(48, 12211, '2020-02-27 15:36:45', '2020-03-19 09:18:48'),
(49, 2331, '2020-02-27 15:37:02', '2020-03-18 17:57:32'),
(50, 196, '2020-02-27 15:37:19', '2020-03-19 09:18:48'),
(51, 121, '2020-02-27 15:37:35', '2020-03-19 09:18:48'),
(52, 297, '2020-02-27 15:37:55', '2020-03-19 09:18:48'),
(53, 300, '2020-02-27 15:38:14', '2020-02-27 15:38:14'),
(54, 0, '2020-02-27 15:38:32', '2020-04-21 10:38:17'),
(55, 8995, '2020-03-03 15:27:52', '2020-04-18 14:13:00'),
(56, 19, '2020-03-03 15:37:05', '2020-04-06 16:07:19'),
(57, 2998, '2020-03-03 15:37:37', '2020-03-19 09:18:48'),
(58, 111109, '2020-03-03 15:37:56', '2020-03-24 19:30:15'),
(59, 3444444, '2020-03-03 15:38:40', '2020-03-03 15:38:40'),
(60, 199993, '2020-03-03 15:39:17', '2020-04-19 12:21:54'),
(61, 111100, '2020-03-03 15:39:53', '2020-04-19 12:21:54'),
(62, 99988, '2020-03-14 15:24:50', '2020-04-21 10:38:17'),
(63, 89984, '2020-03-14 15:25:18', '2020-04-19 12:23:18'),
(64, 999985, '2020-03-14 15:36:02', '2020-04-21 10:38:17'),
(67, 199, '2020-03-25 13:37:11', '2020-03-30 15:56:21'),
(68, 89985, '2020-03-25 13:46:29', '2020-04-21 10:38:17'),
(69, 233333, '2020-03-27 17:01:43', '2020-03-27 17:01:43'),
(70, 122, '2020-04-05 12:58:37', '2020-04-05 12:58:37'),
(71, 100, '2020-04-06 17:59:24', '2020-04-06 17:59:24');

-- --------------------------------------------------------

--
-- Table structure for table `purchase_history`
--

CREATE TABLE IF NOT EXISTS `purchase_history` (
`purchase_id` int(11) NOT NULL,
  `user_id` int(11) NOT NULL,
  `ID` int(11) NOT NULL,
  `country_name` varchar(100) NOT NULL,
  `departure` date NOT NULL,
  `back` date NOT NULL,
  `airport` varchar(100) NOT NULL,
  `charge` int(11) NOT NULL,
  `create_datetime` datetime NOT NULL
) ENGINE=InnoDB  DEFAULT CHARSET=utf8 AUTO_INCREMENT=313 ;

--
-- Dumping data for table `purchase_history`
--

INSERT INTO `purchase_history` (`purchase_id`, `user_id`, `ID`, `country_name`, `departure`, `back`, `airport`, `charge`, `create_datetime`) VALUES
(222, 0, 37, 'Cairo', '2020-03-25', '2020-03-28', '中部空港', 288000, '2020-03-18 16:38:01'),
(223, 0, 61, 'Munich', '2020-03-18', '2020-03-26', '成田空港', 2520000, '2020-03-18 17:57:32'),
(224, 0, 62, 'Paris', '2020-03-18', '2020-03-19', '中部空港', 504000, '2020-03-18 17:57:32'),
(225, 0, 60, 'Santiago', '2020-03-18', '2020-03-25', '成田空港', 680000, '2020-03-18 17:57:32'),
(226, 0, 55, 'Quito', '2020-03-19', '2020-03-25', '関西空港', 440000, '2020-03-18 17:57:32'),
(227, 0, 63, 'New York', '2020-03-19', '2020-03-25', '中部空港', 720000, '2020-03-18 17:57:32'),
(228, 0, 54, 'Honolulu', '2020-03-19', '2020-03-24', '関西空港', 330000, '2020-03-18 17:57:32'),
(229, 0, 49, 'Zuric', '2020-03-24', '2020-03-31', '羽田空港', 750000, '2020-03-18 17:57:32'),
(230, 0, 44, 'Montevideo', '2020-03-19', '2020-03-31', '関西空港', 1355200, '2020-03-18 17:57:32'),
(231, 0, 43, 'Miami', '2020-03-19', '2020-03-24', '中部空港', 720000, '2020-03-18 17:57:32'),
(232, 0, 37, 'Cairo', '2020-03-18', '2020-03-25', '中部空港', 1008000, '2020-03-18 17:58:22'),
(233, 0, 63, 'New York', '2020-03-19', '2020-03-25', '中部空港', 288000, '2020-03-18 19:29:24'),
(234, 0, 61, 'Munich', '2020-03-19', '2020-03-31', '中部空港', 594000, '2020-03-18 19:29:24'),
(235, 0, 44, 'Montevideo', '2020-03-26', '2020-03-31', '中部空港', 960000, '2020-03-18 19:29:24'),
(236, 0, 37, 'Cairo', '2020-03-19', '2020-03-25', '中部空港', 720000, '2020-03-18 19:29:24'),
(237, 0, 63, 'New York', '2020-03-25', '2020-03-30', '中部空港', 720000, '2020-03-19 08:49:45'),
(238, 0, 37, 'Cairo', '2020-03-24', '2020-03-31', '羽田空港', 600000, '2020-03-19 08:49:45'),
(239, 0, 64, 'Vladiostock', '2020-03-19', '2020-03-20', '成田空港', 200000, '2020-03-19 09:18:48'),
(240, 0, 62, 'Paris', '2020-03-20', '2020-03-24', '関西空港', 308000, '2020-03-19 09:18:48'),
(241, 0, 61, 'Munich', '2020-03-25', '2020-03-27', '羽田空港', 90000, '2020-03-19 09:18:48'),
(242, 0, 63, 'New York', '2020-03-19', '2020-03-31', '中部空港', 2217600, '2020-03-19 09:18:48'),
(243, 0, 60, 'Santiago', '2020-03-20', '2020-03-25', '羽田空港', 1190000, '2020-03-19 09:18:48'),
(244, 0, 32, 'London', '2020-03-25', '2020-03-27', '中部空港', 216000, '2020-03-19 09:18:48'),
(245, 0, 31, 'Los Angeles', '2020-03-20', '2020-03-31', '中部空港', 462000, '2020-03-19 09:18:48'),
(246, 0, 58, 'Chang mai', '2020-03-19', '2020-03-27', '中部空港', 420000, '2020-03-19 09:18:48'),
(247, 0, 56, 'Manila', '2020-03-28', '2020-03-31', '中部空港', 204000, '2020-03-19 09:18:48'),
(248, 0, 57, 'Singapor', '2020-03-20', '2020-03-26', '中部空港', 540000, '2020-03-19 09:18:48'),
(249, 0, 52, 'Bohol', '2020-03-20', '2020-03-31', '中部空港', 264000, '2020-03-19 09:18:48'),
(250, 0, 51, 'Borakai', '2020-03-20', '2020-04-01', '成田空港', 49500, '2020-03-19 09:18:48'),
(251, 0, 50, 'Bali', '2020-03-27', '2020-03-31', '成田空港', 80000, '2020-03-19 09:18:48'),
(252, 0, 48, 'Yangon', '2020-03-26', '2020-03-31', '成田空港', 200000, '2020-03-19 09:18:48'),
(253, 0, 47, 'Sydney', '2020-03-19', '2020-03-27', '羽田空港', 120000, '2020-03-19 09:18:48'),
(254, 0, 46, 'Saipan', '2020-03-20', '2020-03-26', '羽田空港', 48000, '2020-03-19 09:18:48'),
(255, 0, 45, 'Koh samui', '2020-03-21', '2020-03-24', '成田空港', 120000, '2020-03-19 09:18:48'),
(256, 0, 40, 'Seoul', '2020-03-20', '2020-03-25', '成田空港', 91000, '2020-03-19 09:18:48'),
(257, 0, 39, 'Taipei', '2020-03-21', '2020-03-25', '羽田空港', 22000, '2020-03-19 09:18:48'),
(258, 0, 35, 'Hanoi', '2020-03-20', '2020-03-21', '成田空港', 45000, '2020-03-19 09:18:48'),
(259, 0, 34, 'Guam', '2020-03-27', '2020-03-31', '羽田空港', 25000, '2020-03-19 09:18:48'),
(260, 0, 30, 'Kuala lumpur', '2020-03-27', '2020-03-31', '羽田空港', 90000, '2020-03-19 09:18:48'),
(261, 0, 29, 'Cairns', '2020-03-20', '2020-03-31', '羽田空港', 275000, '2020-03-19 09:18:48'),
(262, 0, 28, 'Bangkok', '2020-03-20', '2020-03-31', '羽田空港', 385000, '2020-03-19 09:18:48'),
(263, 0, 63, 'New York', '2020-03-19', '2020-03-31', '中部空港', 1584000, '2020-03-19 12:16:21'),
(264, 0, 62, 'Paris', '2020-03-20', '2020-03-25', '羽田空港', 840000, '2020-03-19 12:16:21'),
(265, 0, 55, 'Quito', '2020-03-27', '2020-03-31', '羽田空港', 400000, '2020-03-19 12:16:21'),
(266, 0, 61, 'Munich', '2020-03-20', '2020-03-25', '中部空港', 540000, '2020-03-19 15:42:07'),
(267, 0, 58, 'Chang mai', '2020-03-25', '2020-03-26', '羽田空港', 350000, '2020-03-24 19:30:15'),
(268, 0, 64, 'Vladiostock', '2020-03-25', '2020-03-31', '関西空港', 110000, '2020-03-26 10:47:52'),
(269, 0, 68, 'Tehran', '2020-03-28', '2020-04-10', '羽田空港', 154000, '2020-03-28 12:44:25'),
(270, 0, 67, 'Bangkok', '2020-03-30', '2020-03-31', '成田空港', 100000, '2020-03-30 15:56:21'),
(271, 0, 64, 'Vladiostock', '2020-03-30', '2020-03-31', '羽田空港', 50000, '2020-03-30 15:56:21'),
(272, 0, 54, 'Honolulu', '2020-05-07', '2020-05-21', '関西空港', 508200, '2020-04-02 20:51:02'),
(273, 0, 63, 'New York', '2020-04-07', '2020-04-22', '中部空港', 792000, '2020-04-05 12:55:33'),
(274, 0, 64, 'Vladivostok', '2020-04-08', '2020-04-16', '羽田空港', 100000, '2020-04-06 16:01:03'),
(275, 0, 56, 'Manila', '2020-04-10', '2020-04-16', '中部空港', 81600, '2020-04-06 16:07:19'),
(276, 0, 62, 'Paris', '2020-04-08', '2020-04-22', '羽田空港', 770000, '2020-04-06 16:12:43'),
(277, 0, 61, 'Munich', '2020-04-08', '2020-04-30', '関西空港', 594000, '2020-04-06 16:17:04'),
(278, 0, 68, 'Tehran', '2020-04-08', '2020-04-22', '成田空港', 308000, '2020-04-06 16:18:11'),
(279, 0, 63, 'New York', '2020-04-08', '2020-04-23', '中部空港', 1108800, '2020-04-06 16:29:18'),
(280, 0, 68, 'Tehran', '2020-04-08', '2020-04-22', '中部空港', 924000, '2020-04-06 17:57:53'),
(281, 0, 37, 'Cairo', '2020-04-09', '2020-04-30', '成田空港', 1008000, '2020-04-06 18:53:35'),
(282, 0, 63, 'New York', '2020-05-07', '2020-05-29', '関西空港', 792000, '2020-04-06 19:08:56'),
(283, 0, 64, 'Vladivostok', '2020-04-17', '2020-05-15', '関西空港', 330000, '2020-04-08 15:54:55'),
(284, 0, 60, 'Santiago', '2020-04-16', '2020-04-24', '羽田空港', 850000, '2020-04-08 15:54:55'),
(285, 0, 61, 'Munich', '2020-04-10', '2020-04-25', '関西空港', 544500, '2020-04-08 15:54:55'),
(286, 0, 63, 'New York', '2020-04-13', '2020-04-30', '中部空港', 1108800, '2020-04-08 15:54:55'),
(287, 0, 64, 'Vladivostok', '2020-04-09', '2020-04-24', '羽田空港', 110000, '2020-04-08 16:04:06'),
(288, 0, 61, 'Munich', '2020-06-15', '2020-07-09', '関西空港', 118800, '2020-04-08 18:38:56'),
(289, 0, 60, 'Santiago', '2020-04-16', '2020-04-29', '羽田空港', 374000, '2020-04-16 15:04:57'),
(290, 0, 68, 'Tehran', '0000-00-00', '0000-00-00', '', 280000, '2020-04-18 14:13:00'),
(291, 0, 64, 'Vladivostok', '0000-00-00', '0000-00-00', '', 100000, '2020-04-18 14:13:00'),
(292, 0, 63, 'New York', '0000-00-00', '0000-00-00', '', 120000, '2020-04-18 14:13:00'),
(293, 0, 55, 'Quito', '2020-04-23', '2020-04-30', '成田空港', 1000000, '2020-04-18 14:13:00'),
(294, 23, 68, 'Tehran', '2020-04-24', '2020-04-28', '羽田空港', 560000, '2020-04-18 14:42:37'),
(295, 23, 64, 'Vladivostok', '0000-00-00', '0000-00-00', '', 100000, '2020-04-18 14:42:37'),
(296, 23, 63, 'New York', '0000-00-00', '0000-00-00', '', 120000, '2020-04-18 14:42:37'),
(297, 23, 68, 'Tehran', '2020-04-24', '2020-04-28', '羽田空港', 560000, '2020-04-18 14:42:37'),
(298, 23, 62, 'Paris', '2020-04-28', '2020-04-30', '羽田空港', 1400000, '2020-04-18 14:42:37'),
(299, 35, 68, 'Tehran', '2020-04-24', '2020-04-28', '羽田空港', 840000, '2020-04-18 14:59:36'),
(300, 35, 63, 'New York', '2020-04-25', '2020-04-29', '関西空港', 1320000, '2020-04-18 15:00:59'),
(301, 23, 62, 'Paris', '2020-04-23', '2020-04-28', '羽田空港', 700000, '2020-04-19 12:21:00'),
(302, 23, 60, 'Santiago', '2020-04-23', '2020-04-29', '中部空港', 204000, '2020-04-19 12:21:54'),
(303, 23, 61, 'Munich', '2020-04-23', '2020-04-25', '羽田空港', 450000, '2020-04-19 12:21:54'),
(304, 35, 64, 'Vladivostok', '0000-00-00', '0000-00-00', '', 100000, '2020-04-19 12:23:18'),
(305, 35, 68, 'Tehran', '0000-00-00', '0000-00-00', '', 140000, '2020-04-19 12:23:18'),
(306, 35, 63, 'New York', '2020-04-22', '2020-04-24', '中部空港', 720000, '2020-04-19 12:23:18'),
(307, 35, 68, 'Tehran', '2020-04-22', '2020-04-23', '羽田空港', 140000, '2020-04-19 12:23:18'),
(308, 20, 62, 'Paris', '2020-04-22', '2020-04-25', '成田空港', 280000, '2020-04-21 10:38:17'),
(309, 20, 36, 'Rome', '0000-00-00', '0000-00-00', '', 120000, '2020-04-21 10:38:17'),
(310, 20, 54, 'Honolulu', '0000-00-00', '0000-00-00', '', 60000, '2020-04-21 10:38:17'),
(311, 20, 64, 'Vladivostok', '0000-00-00', '0000-00-00', '', 100000, '2020-04-21 10:38:17'),
(312, 20, 68, 'Tehran', '0000-00-00', '0000-00-00', '', 140000, '2020-04-21 10:38:17');

-- --------------------------------------------------------

--
-- Table structure for table `userdata`
--

CREATE TABLE IF NOT EXISTS `userdata` (
`user_id` int(11) NOT NULL,
  `name` varchar(20) NOT NULL,
  `password` varchar(100) NOT NULL,
  `create_datetime` datetime NOT NULL
) ENGINE=InnoDB  DEFAULT CHARSET=utf8 AUTO_INCREMENT=39 ;

--
-- Dumping data for table `userdata`
--

INSERT INTO `userdata` (`user_id`, `name`, `password`, `create_datetime`) VALUES
(17, 'guest1', '$2y$10$JoAg.h6/F9eQpDWRs2NHjOt/4L3vDoV6MO2w7D7hxS3y3V1uXk9w2', '2020-03-09 11:51:12'),
(18, 'manato55', '$2y$10$N.0EhCv7jRaF4OPBQnmpPOQo7lX1FgR3vMFhvgy4qTLGmono.Cd.y', '2020-03-09 12:09:27'),
(19, 'mmmmmm', '$2y$10$G6n0lUHUO7EzsgE6pia0xec93pSBFzArORq9NyP2u1T.63bjacxmy', '2020-03-09 16:58:22'),
(20, 'aaaaaa', '$2y$10$rgniiDPRyPRG4VFFW/nkQO1IsWO6NJM3sbLjbQSsBfsIarjDJXjEe', '2020-03-10 10:03:22'),
(21, '222222', '$2y$10$wdw8z71cwbkvEF03Va4nheOpgy3Gwoe7I7CSSsJ3gf/QBtgJQObae', '2020-03-10 12:33:12'),
(22, 'ssssss', '$2y$10$hsutM.RDx27x0aGaMUoj6u8coAUw8L6qAT6fDhLHthJNqej0etWrm', '2020-03-11 16:15:03'),
(23, 'nnnnnn', '$2y$10$Z95jlDa/iBTinIwuXhg32eXOThWQK/EH1a/WQgD3mQZpvXw.Ng1Fe', '2020-03-13 09:04:31'),
(24, '666666', '$2y$10$ahQDo7Xxqf.pbgOA66NWgOf/CpNr7R2mFepKt1cg54NJ5V5EbyUza', '2020-03-13 20:01:37'),
(25, 'pppppp', '$2y$10$5muwPeycrvwOZi1d5j8oXeQTG5pkgXPtSzc1.aD59enirCBii7QCS', '2020-03-15 14:23:37'),
(26, '555555', '$2y$10$nKAdAhhryTqaXHLscr847uJ85Q4h79EDLTfUzriR9qw.L3/AUZF06', '2020-03-15 15:58:27'),
(27, 'uuuuuu', '$2y$10$GGZXgHlSsqx9Ze8URyFTfuUH.kZmMu8CFeaHfiqQFTLALzuNfTFCi', '2020-03-28 12:45:56'),
(28, 'tttttt', '$2y$10$8dr1Ftn1lEJbiw0WMS8kgu7CpJOH8ayOiZjK4HINxZ6SUS2PpmAj2', '2020-04-02 20:52:48'),
(29, 'bbbbbb', '$2y$10$JodC75q0JTtK6hT6AoYTw.gwDfbwgM2BG.VEP/fH6.ix2PwkpNoiC', '2020-04-05 16:43:38'),
(30, 'guset2', '$2y$10$pCA9uQCp6XLLG/4TfmKrVu1cRAJ4Nk5TZIkGNNHe7re1SGWGzPPbu', '2020-04-06 16:11:14'),
(31, 'cccccc', '$2y$10$MsWc8uGkR5DuCdD.59RgnOIWQIit4WSdyK98OJtcg3e.Coyg5JXhe', '2020-04-06 16:11:48'),
(32, 'gggggg', '$2y$10$yim0/g15.w7ORkSF8FUQTulJ/HbgWql7xaQmYiDSqZNZ2Mo96w/Eu', '2020-04-06 17:57:20'),
(33, 'guest3', '$2y$10$HXpDRbUoE7Xq6wLTZjcZO.QHWpSvJn5K0FwFmPFXVuY2ASEjp9tNS', '2020-04-06 18:50:56'),
(34, 'guest5', '$2y$10$lsA9SJRDZIienyNSVHHzgODoe0Fid5p6M14zfRZiRaIOplfnRzPhW', '2020-04-06 19:06:57'),
(35, '999999', '$2y$10$/SDoyeRm2UcMLE.tT/2RbuZsc1ZHuq2iQKCUR.XkJ65mIGGZX8I..', '2020-04-18 12:54:17'),
(36, 'vvvvvv', '$2y$10$NRbRzlSGu3tzT9cqQr.4zuEJB7FU2zJhWPKby4fqa6nCIf8zMb27O', '2020-04-18 17:10:11'),
(37, 'uuuuuuuu', '$2y$10$aWUXaBmzE65L1t9bxELOj.VLjxqWsZyw72Ohfw8KhDPhBXGv6olvS', '2020-04-19 08:31:16'),
(38, 'rrrrrrr', '$2y$10$E1zotwsdTYm467GOPLtA4OzcFFwxGY8U9eZq/raFQrozYzYR0JqAO', '2020-04-19 15:30:09');

--
-- Indexes for dumped tables
--

--
-- Indexes for table `ec_cart`
--
ALTER TABLE `ec_cart`
 ADD UNIQUE KEY `user_id` (`user_id`,`ID`);

--
-- Indexes for table `ec_master`
--
ALTER TABLE `ec_master`
 ADD PRIMARY KEY (`ID`);

--
-- Indexes for table `purchase_history`
--
ALTER TABLE `purchase_history`
 ADD PRIMARY KEY (`purchase_id`);

--
-- Indexes for table `userdata`
--
ALTER TABLE `userdata`
 ADD PRIMARY KEY (`user_id`);

--
-- AUTO_INCREMENT for dumped tables
--

--
-- AUTO_INCREMENT for table `ec_master`
--
ALTER TABLE `ec_master`
MODIFY `ID` int(11) NOT NULL AUTO_INCREMENT,AUTO_INCREMENT=72;
--
-- AUTO_INCREMENT for table `purchase_history`
--
ALTER TABLE `purchase_history`
MODIFY `purchase_id` int(11) NOT NULL AUTO_INCREMENT,AUTO_INCREMENT=313;
--
-- AUTO_INCREMENT for table `userdata`
--
ALTER TABLE `userdata`
MODIFY `user_id` int(11) NOT NULL AUTO_INCREMENT,AUTO_INCREMENT=39;
/*!40101 SET CHARACTER_SET_CLIENT=@OLD_CHARACTER_SET_CLIENT */;
/*!40101 SET CHARACTER_SET_RESULTS=@OLD_CHARACTER_SET_RESULTS */;
/*!40101 SET COLLATION_CONNECTION=@OLD_COLLATION_CONNECTION */;
